{"amount":21,"ceo":8.1211760461761,"fin":11.241666666666,"tec":8.943253968254}